{
  "model_epoch": "24",
  "return": 5529.367710087386,
  "score": 0.46793901925058984,
  "step": 999,
  "term": false
}