{
  "model_epoch": "24",
  "return": 5448.646662717587,
  "score": 0.4614372162821926,
  "step": 999,
  "term": false
}