,avg_step,std_step,plan_time
0,1.6974671488222868,0.2879193433322071,781.3526384830475
