{
  "model_epoch": 49,
  "return": 1502.197537636139,
  "score": 0.46779413697374866,
  "step": 459,
  "term": true
}