,avg_step,std_step,plan_time
0,4.4387149674892425,1.2200286443135455,4438.90399479866
