{
  "model_epoch": 49,
  "return": 199.86832214066612,
  "score": 0.03866615833392136,
  "step": 999,
  "term": false
}