,mean_step,std_step,mean_plan_time,std_plan_time
0,4.441262318563462,0.9165141062198694,3921.7043518066407,1608.348874242084
