,avg_step,std_step,plan_time
0,3.4317371535301207,1.1676556249594723,3431.912972688675
