{
  "model_epoch": 49,
  "return": 4888.152403692105,
  "score": 0.4162913298517723,
  "step": 999,
  "term": false
}