,avg_step,std_step,plan_time
0,4.058283770634578,0.7686481660053079,2638.0312972068787
