{
  "model_epoch": 49,
  "return": 2261.233222131216,
  "score": 0.49221654482949184,
  "step": 649,
  "term": true
}