,avg_step,std_step,plan_time
0,2.5878547699451446,1.2012858601971443,2588.175271987915
