{
  "model_epoch": 49,
  "return": 5264.864357412069,
  "score": 0.4466341831562698,
  "step": 999,
  "term": false
}