,avg_step,std_step,plan_time
0,4.724007545870481,0.15512806592468453,2730.5170159339905
