{
  "model_epoch": "24",
  "return": 1889.4762691511698,
  "score": 0.5867894135328389,
  "step": 577,
  "term": true
}