,avg_step,std_step,plan_time
0,2.8270839047431946,1.0217895903929488,2827.4141039848328
