{
  "model_epoch": 49,
  "return": 5448.981205467065,
  "score": 0.4614641625510095,
  "step": 999,
  "term": false
}