,avg_step,std_step,plan_time
0,2.8392889499664307,0.7596381300407927,1204.1839916706085
