{
  "model_epoch": 49,
  "return": 1345.5872732199587,
  "score": 0.41967406166444304,
  "step": 423,
  "term": true
}