,avg_step,std_step,plan_time
0,1.2834282935611785,0.1869060142971369,404.4777286052704
