{
  "model_epoch": 49,
  "return": 932.2608723969691,
  "score": 0.2926753773248768,
  "step": 314,
  "term": true
}