,avg_step,std_step,plan_time
0,3.3298459584334434,0.9157487314654599,2391.134332895279
