{
  "model_epoch": 49,
  "return": 2375.949670886918,
  "score": 0.7362632479252654,
  "step": 717,
  "term": true
}