,avg_step,std_step,plan_time
0,2.699909543753265,0.5421056177139538,1082.9639418125153
