{
  "model_epoch": 49,
  "return": 1277.8021881864236,
  "score": 0.39884641407173266,
  "step": 400,
  "term": true
}