,avg_step,std_step,plan_time
0,3.608539493083954,1.1573576812432027,3608.8251264095306
