{
  "model_epoch": 49,
  "return": 5182.391558886417,
  "score": 0.4399912826521476,
  "step": 999,
  "term": false
}