,avg_step,std_step,plan_time
0,3.890239670753479,0.5443036051381093,3890.524449825287
