{
  "model_epoch": 49,
  "return": 4808.128408841792,
  "score": 0.4098456720684042,
  "step": 999,
  "term": false
}