,avg_step,std_step,plan_time
0,2.3212765619672577,0.25670708601873515,942.569842338562
