{
  "model_epoch": 49,
  "return": 1216.0964748493325,
  "score": 0.3798867144386065,
  "step": 405,
  "term": true
}