,mean_step,std_step,mean_plan_time,std_plan_time
0,1.372639524666496,0.46344952061914474,837.0281908512115,179.6589222100912
