{
  "model_epoch": "24",
  "return": 4828.010875748066,
  "score": 0.41144713645176445,
  "step": 999,
  "term": false
}