,mean_step,std_step,mean_plan_time,std_plan_time
0,4.498156370830536,0.9687193016932097,4498.478418254852,501.44878791262533
