,avg_step,std_step,plan_time
0,2.305266745131591,0.28477648915159365,1069.9557185173035
