{
  "model_epoch": 49,
  "return": 1521.3872611450709,
  "score": 0.4736903720887131,
  "step": 463,
  "term": true
}