,avg_step,std_step,plan_time
0,2.8984810094833375,1.1369122436214394,2898.6119644641876
