{
  "model_epoch": 49,
  "return": 3999.719952610918,
  "score": 0.8709164633183797,
  "step": 999,
  "term": false
}