,avg_step,std_step,plan_time
0,3.879214053630829,0.6193261384813152,3879.729828596115
