{
  "model_epoch": 49,
  "return": 4847.096107089052,
  "score": 0.41298438625003453,
  "step": 999,
  "term": false
}