,avg_step,std_step,plan_time
0,3.4609556505680086,1.186392221910797,3461.145149230957
