{
  "model_epoch": 49,
  "return": 4783.465147069085,
  "score": 0.4078591310877164,
  "step": 999,
  "term": false
}