,avg_step,std_step,plan_time
0,2.028592788973334,0.2402150724476003,726.4249336719513
