{
  "model_epoch": 49,
  "return": 1018.6690934986543,
  "score": 0.31922517035572645,
  "step": 357,
  "term": true
}