,avg_step,std_step,plan_time
0,4.457797207593918,0.8774797194297874,4458.144324302673
