{
  "model_epoch": 49,
  "return": 3922.1441934314294,
  "score": 0.8540178967875443,
  "step": 999,
  "term": false
}