,avg_step,std_step,plan_time
0,3.7704328854084013,0.8369717858349193,3770.621390581131
