{
  "model_epoch": 49,
  "return": 3773.0553298515233,
  "score": 0.8215414104874548,
  "step": 999,
  "term": false
}