,avg_step,std_step,plan_time
0,6.013915157794952,0.9831223625272553,6014.559496164322
