{
  "model_epoch": 49,
  "return": 3715.2436637212986,
  "score": 0.8089481172126871,
  "step": 999,
  "term": false
}