,avg_step,std_step,plan_time
0,4.949971989631653,1.2675021384642877,4950.385047912598
