{
  "model_epoch": 49,
  "return": 4808.235760908583,
  "score": 0.40985431890846963,
  "step": 999,
  "term": false
}