,avg_step,std_step,plan_time
0,1.3253029692644454,0.4067162965985192,938.658177614212
