{
  "model_epoch": 49,
  "return": 2366.145187311437,
  "score": 0.7332507219597436,
  "step": 707,
  "term": true
}