,avg_step,std_step,plan_time
0,4.967582311391831,1.1843416666372255,4967.885014533997
