{
  "model_epoch": 49,
  "return": 3780.188968382018,
  "score": 0.8230953529378997,
  "step": 999,
  "term": false
}