,avg_step,std_step,plan_time
0,3.3523765842914584,0.6893923640595716,3352.535453081131
