{
  "model_epoch": 49,
  "return": 4854.652150221287,
  "score": 0.41359299955805373,
  "step": 999,
  "term": false
}