{
  "model_epoch": "24",
  "return": 4863.624477075928,
  "score": 0.4143156896528648,
  "step": 999,
  "term": false
}