,avg_step,std_step,plan_time
0,4.900280272006989,1.1982860972393337,4900.412927389145
