{
  "model_epoch": 49,
  "return": 4837.8724983759985,
  "score": 0.41224145626505637,
  "step": 999,
  "term": false
}