,avg_step,std_step,plan_time
0,6.808626619031874,0.30617071047245664,4017.107074737549
