{
  "model_epoch": "24",
  "return": 1813.787069844517,
  "score": 0.5635331475127626,
  "step": 589,
  "term": true
}