,mean_step,std_step,mean_plan_time,std_plan_time
0,3.456191808223724,1.187814244284788,3456.3919090270997,16.873346740590026
