,avg_step,std_step,plan_time
0,4.224994341285195,0.20447930450043,2716.692142724991
