{
  "model_epoch": "24",
  "return": 2024.0002750256567,
  "score": 0.6281232642719414,
  "step": 642,
  "term": true
}