,avg_step,std_step,plan_time
0,2.5434737596511843,1.1855047217115304,2543.7633674144745
