{
  "model_epoch": 49,
  "return": 5445.947350417633,
  "score": 0.46121979595259666,
  "step": 999,
  "term": false
}