,avg_step,std_step,plan_time
0,2.5703041460514067,1.2080466819979843,2570.655915737152
