{
  "model_epoch": 49,
  "return": 5345.004901876579,
  "score": 0.4530892286105398,
  "step": 999,
  "term": false
}