,mean_step,std_step,mean_plan_time,std_plan_time
0,3.1164207568481794,1.0380209082455694,3014.2270075798033,407.4135281984902
