,avg_step,std_step,plan_time
0,2.884329837150016,0.5987232177841149,1381.728146314621
