{
  "model_epoch": 49,
  "return": 1490.9724209288513,
  "score": 0.46434510722257594,
  "step": 478,
  "term": true
}