{
  "model_epoch": "24",
  "return": 4852.285037234933,
  "score": 0.4134023367415679,
  "step": 999,
  "term": false
}