,mean_step,std_step,mean_plan_time,std_plan_time
0,4.050414142608643,1.1168406227391003,4050.6540806293488,10.817115545272827
