,avg_step,std_step,plan_time
0,3.6183383255004884,1.1595202123620647,3618.6931257247925
