{
  "model_epoch": 49,
  "return": 5406.733007182922,
  "score": 0.45806121536482064,
  "step": 999,
  "term": false
}