,avg_step,std_step,plan_time
0,3.332529592514038,0.26351388552423033,733.44615650177
