{
  "model_epoch": 49,
  "return": 132.04955625959872,
  "score": 0.02840990968136858,
  "step": 219,
  "term": true
}