,avg_step,std_step,plan_time
0,3.9767480034828186,0.669300013731532,3976.8852825164795
