{
  "model_epoch": 49,
  "return": 3753.6601989289256,
  "score": 0.8173165093877252,
  "step": 999,
  "term": false
}