,avg_step,std_step,plan_time
0,3.622138355255127,0.6626314442825633,3622.440574645996
