{
  "model_epoch": 49,
  "return": 4615.705934200721,
  "score": 0.3943467029943761,
  "step": 999,
  "term": false
}