,avg_step,std_step,plan_time
0,3.05073891802951,0.7140279440840422,1693.294075012207
