{
  "model_epoch": 49,
  "return": 1771.7025744080788,
  "score": 0.5506022639764578,
  "step": 554,
  "term": true
}