,avg_step,std_step,plan_time
0,3.4966913266181945,1.2138459328192222,3496.822971343994
