{
  "model_epoch": 49,
  "return": 3526.1668071821696,
  "score": 0.7677609232559373,
  "step": 999,
  "term": false
}