{
  "model_epoch": "24",
  "return": 5342.501525268653,
  "score": 0.45288759022760516,
  "step": 999,
  "term": false
}