,avg_step,std_step,plan_time
0,3.1797590235845408,1.0247834142112189,2667.98046708107
