{
  "model_epoch": 49,
  "return": 3168.076792676374,
  "score": 0.689757072592314,
  "step": 838,
  "term": true
}