{
  "model_epoch": "24",
  "return": 5383.037565558496,
  "score": 0.4561526289711706,
  "step": 999,
  "term": false
}