,avg_step,std_step,plan_time
0,3.6387720000743866,1.1925436648842849,3639.1163198947906
