{
  "model_epoch": 49,
  "return": 5353.783919379608,
  "score": 0.4537963483013846,
  "step": 999,
  "term": false
}