,avg_step,std_step,plan_time
0,2.1585773419573964,0.4804006011186569,1083.7415223121643
