{
  "model_epoch": 49,
  "return": 1548.3168993633487,
  "score": 0.4819647736673494,
  "step": 501,
  "term": true
}