,avg_step,std_step,plan_time
0,4.293070993185044,1.193611325562106,4293.376111507416
