{
  "model_epoch": 49,
  "return": 1409.9893740814905,
  "score": 0.13613725049634334,
  "step": 999,
  "term": false
}