,avg_step,std_step,plan_time
0,4.270038888454438,1.2351285324327297,4270.203633546829
