{
  "model_epoch": 49,
  "return": 3822.227170264284,
  "score": 0.8322526639182606,
  "step": 999,
  "term": false
}