,avg_step,std_step,plan_time
0,4.503255674600601,1.0945730617503582,4503.567959785461
