{
  "model_epoch": 49,
  "return": 3948.1990385080967,
  "score": 0.8596935039312651,
  "step": 999,
  "term": false
}