,avg_step,std_step,plan_time
0,3.4671182239055636,1.198970286467812,3467.3137822151184
