{
  "model_epoch": 49,
  "return": 4777.877399536337,
  "score": 0.4074090572262037,
  "step": 999,
  "term": false
}