{
  "model_epoch": "24",
  "return": 5549.063923302652,
  "score": 0.4695254815391989,
  "step": 999,
  "term": false
}