,avg_step,std_step,plan_time
0,3.1639268410205843,1.4339611026425312,3164.2283084392548
