{
  "model_epoch": 49,
  "return": 3999.1991235397672,
  "score": 0.8708030095178224,
  "step": 999,
  "term": false
}