,avg_step,std_step,plan_time
0,1.4664925199785874,0.28826832888126297,676.1885330677032
