{
  "model_epoch": 49,
  "return": 1459.414560257728,
  "score": 0.4546486378515803,
  "step": 460,
  "term": true
}