,avg_step,std_step,plan_time
0,1.4378768550025092,0.2818095799260879,647.1789815425873
