{
  "model_epoch": 49,
  "return": 1281.110690775198,
  "score": 0.39986298469260706,
  "step": 449,
  "term": true
}