,avg_step,std_step,plan_time
0,5.425255626440048,0.6015273410814149,5425.621284008026
