{
  "model_epoch": 49,
  "return": 3928.0186876914972,
  "score": 0.8552975559637965,
  "step": 999,
  "term": false
}