,avg_step,std_step,plan_time
0,2.60745405960083,1.2330049915642722,2608.151213169098
