{
  "model_epoch": 49,
  "return": 5288.872364114936,
  "score": 0.4485679455928609,
  "step": 999,
  "term": false
}