,mean_step,std_step,mean_plan_time,std_plan_time
0,2.5703559931278233,1.2063344874233306,2570.8014756679536,25.244311735068603
