,avg_step,std_step,plan_time
0,4.0598022839717665,1.0764833287998592,3455.0330588817596
