{
  "model_epoch": 49,
  "return": 2995.8238354495793,
  "score": 0.6522346804350512,
  "step": 850,
  "term": true
}