,avg_step,std_step,plan_time
0,2.3781336348324538,0.35017995964379756,1334.4726421833038
