{
  "model_epoch": 49,
  "return": 1856.5185323192811,
  "score": 0.5766628181638389,
  "step": 560,
  "term": true
}