,avg_step,std_step,plan_time
0,1.991610229663227,0.44702604232657844,1466.1254205703735
