{
  "model_epoch": 49,
  "return": 2467.461815552917,
  "score": 0.7643812726885835,
  "step": 735,
  "term": true
}