,avg_step,std_step,plan_time
0,6.3987244150638585,1.2023281668045402,6399.138078927994
