{
  "model_epoch": 49,
  "return": 4017.7638272762647,
  "score": 0.8748470161061511,
  "step": 999,
  "term": false
}