,avg_step,std_step,plan_time
0,3.442545925617218,1.183430687532623,3442.8536899089813
