{
  "model_epoch": 49,
  "return": 4709.171308205602,
  "score": 0.4018750176774517,
  "step": 999,
  "term": false
}