,mean_step,std_step,mean_plan_time,std_plan_time
0,3.9159265763428635,1.0203508336864942,3503.653756713867,988.6750729792282
