,mean_step,std_step,mean_plan_time,std_plan_time
0,1.8161574511065866,0.36294546909310643,1070.9963203668594,283.1524677429721
