,mean_step,std_step,mean_plan_time,std_plan_time
0,2.77291289206209,0.6124492717464489,1463.4009654521942,389.0955864774328
