,avg_step,std_step,plan_time
0,1.0813757219934852,0.3072242730305397,532.3971362113953
