{
  "model_epoch": 49,
  "return": 1584.288947176855,
  "score": 0.4930175463337432,
  "step": 491,
  "term": true
}