,avg_step,std_step,plan_time
0,1.3878712629449779,0.37984361172671005,805.4674942493439
