{
  "model_epoch": 49,
  "return": 1881.6975374312042,
  "score": 0.5843993201531297,
  "step": 579,
  "term": true
}