{
  "model_epoch": 49,
  "return": 833.4261744882408,
  "score": 0.5766857313142114,
  "step": 999,
  "term": false
}