,mean_step,std_step,mean_plan_time,std_plan_time
0,5.993339094018936,0.9370412284043909,5993.754619264602,465.91074118373257
