,avg_step,std_step,plan_time
0,8.43384614459804,0.8444468866994349,5144.668480157852
