{
  "model_epoch": "24",
  "return": 1988.517372355161,
  "score": 0.6172207863592574,
  "step": 609,
  "term": true
}