,avg_step,std_step,plan_time
0,4.1930067186355595,1.213155857892568,4193.234027147293
