{
  "model_epoch": 49,
  "return": 4904.237577344946,
  "score": 0.4175869353129368,
  "step": 999,
  "term": false
}