,avg_step,std_step,plan_time
0,1.2960149473119005,0.5024987644036905,832.341413974762
