{
  "model_epoch": 49,
  "return": 2118.7846467412514,
  "score": 0.6572467136326999,
  "step": 641,
  "term": true
}