,avg_step,std_step,plan_time
0,1.7028000339988834,0.3004577064606629,824.4531662464142
