{
  "model_epoch": 49,
  "return": 1593.9024587250756,
  "score": 0.49597139422750525,
  "step": 483,
  "term": true
}