,avg_step,std_step,plan_time
0,3.638915802955627,1.1818067651865418,3639.2905657291412
