{
  "model_epoch": 49,
  "return": 5441.280765091421,
  "score": 0.4608439185412538,
  "step": 999,
  "term": false
}