,avg_step,std_step,plan_time
0,2.3087903727655825,0.43019809837060696,1327.6826691627502
