{
  "model_epoch": 49,
  "return": 1816.3018667251445,
  "score": 0.564305844090056,
  "step": 574,
  "term": true
}