{
  "model_epoch": "24",
  "return": 4781.085905842472,
  "score": 0.40766749138315633,
  "step": 999,
  "term": false
}