,avg_step,std_step,plan_time
0,2.645580863182164,0.704307956145757,1473.7200999259949
