{
  "model_epoch": 49,
  "return": 1796.224264470629,
  "score": 0.5581367993207417,
  "step": 556,
  "term": true
}