,mean_step,std_step,mean_plan_time,std_plan_time
0,2.3348218464423445,0.6911986821294791,1938.3888361930847,1070.1437624339794
