,avg_step,std_step,plan_time
0,3.4786020874977113,1.2026224005532362,3478.7339510917664
