{
  "model_epoch": 49,
  "return": 4780.821214215646,
  "score": 0.4076461713822262,
  "step": 999,
  "term": false
}