,avg_step,std_step,plan_time
0,7.1695473573103214,2.2645804261142843,6043.950745820999
