{
  "model_epoch": "24",
  "return": 2771.4772473758767,
  "score": 0.8577930648788817,
  "step": 842,
  "term": true
}