,avg_step,std_step,plan_time
0,2.2819864711531213,0.6675008456693722,1134.5129873752594
