{
  "model_epoch": 49,
  "return": 1622.5704493189808,
  "score": 0.5047799220177351,
  "step": 496,
  "term": true
}