,avg_step,std_step,plan_time
0,3.1494561717510225,1.1351614769603222,3149.820447206497
