{
  "model_epoch": 49,
  "return": 5429.110019108873,
  "score": 0.4598636067770317,
  "step": 999,
  "term": false
}