,avg_step,std_step,plan_time
0,4.06134166431427,1.2231943303506372,4061.4711961746216
