{
  "model_epoch": 49,
  "return": 4779.860647369571,
  "score": 0.4075688010237552,
  "step": 999,
  "term": false
}