,avg_step,std_step,plan_time
0,3.485133980512619,1.199290832696045,3485.2959961891174
