{
  "model_epoch": 49,
  "return": 3717.021547780507,
  "score": 0.8093353991726242,
  "step": 999,
  "term": false
}