,avg_step,std_step,plan_time
0,1.9863111222133933,0.5754099450277821,896.2062413692474
