{
  "model_epoch": 49,
  "return": 1468.9075063351193,
  "score": 0.4575654407945683,
  "step": 450,
  "term": true
}