,avg_step,std_step,plan_time
0,6.821448318132266,0.2545684793944104,3465.3166856765747
