{
  "model_epoch": "24",
  "return": 1576.0663728258257,
  "score": 0.4904910778517258,
  "step": 507,
  "term": true
}