,avg_step,std_step,plan_time
0,2.46422398186113,0.3302917372770582,1227.3492398262024
