{
  "model_epoch": 49,
  "return": 1525.082426882035,
  "score": 0.4748257488419926,
  "step": 497,
  "term": true
}