,avg_step,std_step,plan_time
0,2.791780920267105,0.9928874325514047,2792.0962545871735
