{
  "model_epoch": 49,
  "return": 5432.6281025429735,
  "score": 0.4601469763077827,
  "step": 999,
  "term": false
}