,mean_step,std_step,mean_plan_time,std_plan_time
0,4.102814643504258,0.7727616650864995,3160.1864660263063,663.35991303967
