,avg_step,std_step,plan_time
0,3.1439951613025348,1.1624963735682945,2072.0635237693787
