{
  "model_epoch": 49,
  "return": 2093.99328085656,
  "score": 0.6496293176858948,
  "step": 658,
  "term": true
}