,avg_step,std_step,plan_time
0,2.4773709386587144,0.6978851396813381,1387.470932483673
