{
  "model_epoch": 49,
  "return": 1765.091386603891,
  "score": 0.5485709101810509,
  "step": 559,
  "term": true
}