,avg_step,std_step,plan_time
0,3.1291276376247406,1.2380151513996192,3129.5310854911804
