{
  "model_epoch": 49,
  "return": 5351.977462854669,
  "score": 0.4536508444361743,
  "step": 999,
  "term": false
}