,mean_step,std_step,mean_plan_time,std_plan_time
0,3.0055160114765167,1.1238488015806203,3005.85866355896,160.67051048752495
