,avg_step,std_step,plan_time
0,1.6717989985475834,0.4336776541886065,648.8454072475433
