{
  "model_epoch": 49,
  "return": 1193.1276372697548,
  "score": 0.37282930860242625,
  "step": 387,
  "term": true
}