,mean_step,std_step,mean_plan_time,std_plan_time
0,3.6285711087703705,1.1776137628227514,3628.911387252808,12.761074675097351
