,avg_step,std_step,plan_time
0,4.378711848974228,1.2232297763085695,4378.89441037178
