{
  "model_epoch": 49,
  "return": 3854.882033539711,
  "score": 0.8393659733521829,
  "step": 999,
  "term": false
}