,avg_step,std_step,plan_time
0,5.522288797616959,0.6079906923676294,5522.626655817032
