{
  "model_epoch": 49,
  "return": 3896.9591336294957,
  "score": 0.8485317576488818,
  "step": 999,
  "term": false
}