,avg_step,std_step,plan_time
0,4.039486620903015,1.0104869151275637,4039.836965084076
