{
  "model_epoch": 49,
  "return": 1777.8359340211625,
  "score": 0.1657660267976938,
  "step": 999,
  "term": false
}