,mean_step,std_step,mean_plan_time,std_plan_time
0,2.7104889664234366,0.5704897856031195,1416.542125415802,496.6000181128451
