,avg_step,std_step,plan_time
0,2.418737315416336,0.6081852875744801,2419.5401649475098
