{
  "model_epoch": 49,
  "return": 3786.9072808696396,
  "score": 0.8245588236373528,
  "step": 999,
  "term": false
}