{
  "model_epoch": "24",
  "return": 5505.850039954782,
  "score": 0.4660447517396958,
  "step": 999,
  "term": false
}