,avg_step,std_step,plan_time
0,3.595768528976207,0.48385090799337505,2351.753764629364
