{
  "model_epoch": 49,
  "return": 687.3183659876531,
  "score": 0.14936582455649286,
  "step": 653,
  "term": true
}