,avg_step,std_step,plan_time
0,2.5426932303905487,1.2038301816457218,2543.261610031128
