{
  "model_epoch": 49,
  "return": 5396.112513215143,
  "score": 0.45720577107295945,
  "step": 999,
  "term": false
}