,avg_step,std_step,plan_time
0,4.945146806716919,1.1626621977577458,4945.478303909302
