{
  "model_epoch": 49,
  "return": 3990.881273388213,
  "score": 0.8689911066029653,
  "step": 999,
  "term": false
}