,avg_step,std_step,plan_time
0,4.179275316790745,0.8433298870762305,2929.799236536026
