{
  "model_epoch": 49,
  "return": 2446.596344359848,
  "score": 0.5325947646042607,
  "step": 700,
  "term": true
}