{
  "gpt_epoch": 48,
  "return": 1840.379716496463,
  "score": 0.5717040050509687,
  "step": 577,
  "term": true
}