,mean_step,std_step,mean_plan_time,std_plan_time
0,2.5135481059659766,0.6285830027627907,1484.5670275688171,356.59790673659194
