,avg_step,std_step,plan_time
0,2.522038444042206,0.6152721178799216,2522.423638820648
