{
  "model_epoch": 49,
  "return": 3643.304133676142,
  "score": 0.7932773078319837,
  "step": 999,
  "term": false
}