,avg_step,std_step,plan_time
0,4.87107586812973,1.2141785291430027,4871.339837551117
