{
  "model_epoch": 49,
  "return": 4755.333544610237,
  "score": 0.4055932271836853,
  "step": 999,
  "term": false
}