,avg_step,std_step,plan_time
0,2.5891741232872008,0.9338757080015407,2589.48575258255
