{
  "model_epoch": 49,
  "return": 3960.1068861177796,
  "score": 0.8622874270484814,
  "step": 999,
  "term": false
}