,avg_step,std_step,plan_time
0,3.100646974905482,0.7299407450563925,1643.5162901878357
