{
  "model_epoch": 49,
  "return": 1969.9874564296153,
  "score": 0.42877358274200084,
  "step": 529,
  "term": true
}