,avg_step,std_step,plan_time
0,6.6065114731788634,1.2902375792411154,6606.82758140564
