{
  "model_epoch": 49,
  "return": 3891.7766181054094,
  "score": 0.8474028343317637,
  "step": 999,
  "term": false
}