,avg_step,std_step,plan_time
0,1.746351522830861,0.48276409352494976,717.8781044483185
