{
  "model_epoch": 49,
  "return": 1238.3724744546416,
  "score": 0.386731238854637,
  "step": 410,
  "term": true
}