,avg_step,std_step,plan_time
0,3.130131422996521,1.2313903565988065,3130.431426525116
