{
  "model_epoch": 49,
  "return": 5444.222703279221,
  "score": 0.4610808815523338,
  "step": 999,
  "term": false
}