{
  "model_epoch": "24",
  "return": 4759.340760051586,
  "score": 0.40591599461672173,
  "step": 999,
  "term": false
}