,avg_step,std_step,plan_time
0,2.0572817166410498,0.40044062578155226,1386.8931081295013
