{
  "model_epoch": 49,
  "return": 2698.9497712177977,
  "score": 0.587565688745354,
  "step": 673,
  "term": true
}