,avg_step,std_step,plan_time
0,1.7726327218176703,0.7209646573362642,1076.2767322063446
