{
  "model_epoch": 49,
  "return": 2010.4572043408584,
  "score": 0.6239620199007557,
  "step": 606,
  "term": true
}