{
  "model_epoch": "24",
  "return": 4799.271369552159,
  "score": 0.40913226799076957,
  "step": 999,
  "term": false
}