,avg_step,std_step,plan_time
0,1.4449892358465508,0.07953068664729104,131.79684686660767
