{
  "model_epoch": 49,
  "return": 104.68537595430567,
  "score": 0.022449086012458385,
  "step": 90,
  "term": true
}