,avg_step,std_step,plan_time
0,2.9412438459587644,0.899425355416142,2053.123818874359
