{
  "model_epoch": 49,
  "return": 2256.9004048852844,
  "score": 0.6996841662994746,
  "step": 697,
  "term": true
}