,avg_step,std_step,plan_time
0,3.638289922237396,1.1968404904376635,3638.631798505783
