{
  "model_epoch": 49,
  "return": 5422.84212851844,
  "score": 0.4593587497295287,
  "step": 999,
  "term": false
}