,mean_step,std_step,mean_plan_time,std_plan_time
0,1.5211896379841439,0.33468513416360873,618.9137509822846,110.22883372164137
