,avg_step,std_step,plan_time
0,4.703997597636946,1.0986793506260517,3904.4627492427826
