{
  "model_epoch": 49,
  "return": 3267.061504608308,
  "score": 0.7113192172340083,
  "step": 829,
  "term": true
}